ID,membership_num,partnership_num,ownership_num
Ã¢Â€ÂœvictimÃ¢,-4.311777382142151,-1.351663092800311,0.7112312792594301
Ã¢Â€ÂœperpetratorÃ¢,-4.311777382142113,-1.3516630928003455,0.7112312792593715
Ã¢Â€Å Ã¢,-3.0868743145864714,-0.9107473426951439,0.18767526391863817
PRK,-2.4565864548307283,-1.1857804255820836,1.4232347509064684
Ã¢Â€ÂœVikingÃ¢,-2.7689401756333476,-2.089181202627754,1.3557145447503587
Ã¢Â€ÂœregularÃ¢,-4.311777382142112,-1.3516630928003706,0.7112312792593718
Ã¢Â€Âœ8Ã¢,-3.284288298723089,1.4324858450825724,0.012469059474022985
Ã¢Â€Âœrefer,-3.284288298723089,1.4324858450825724,0.012469059474022985
Ã¢Â€Âœ10Ã¢,-3.284288298723089,1.4324858450825724,0.012469059474022985
Ã¢Â€Â˜NoticesÃ¢Â€Â™Ã¢,-3.519260782030754,-1.6521241495663255,1.8333735283433035
255Ã¢Â€Â“273,-2.809705837564856,2.3104586482492278,-0.033427972273771034
St,0.35429273655522725,1.8636257601440924,0.6485704024184424
Armed RobberyÃ¢,0.5442085625840544,-4.260831935847394,-3.1934527304332074
Ã¢Â€ÂœunregulatedÃ¢,-3.957715075800383,-1.6384896174788222,-0.32749882887553905
Sept,12.548763422656753,-10.493488432525586,8.856734417789728
ConventionÃ¢,-4.23997656279766,-1.4510376734253168,1.4991368796091455
monthsÃ¢,-4.23997656279766,-1.4510376734253168,1.4991368796091455
98,-3.7719174433975313,-1.70064278243324,2.8481136045008846
189,-4.474006122497726,-1.3262351189213548,0.824648517163276
07,-4.23997656279766,-1.4510376734253168,1.4991368796091455
Ã¢Â€ÂœnecessaryÃ¢,-4.005947003097596,-1.5758402279292782,2.1736252420550155
Ã¢Â€ÂœlocalÃ¢,-1.7067532566081642,-2.9496607766631078,-1.7604757796543726
Leominster ProvincetownÃ¢,-2.4570738630055717,-2.512603723601679,-1.282816796061428
fisheriesÃ¢,-1.664557262894214,-2.8130647803676343,-0.1606745469774965
Ã¢Â€Â˜devil vesselsÃ¢,-4.311777382142112,-1.3516630928003706,0.7112312792593718
Å“Ã†ÂŸÃ¯,-1.4316218463968815,-2.948668327472858,9.592997228959584
Å“e1PÃ¯,-1.4316218463968815,-2.948668327472858,9.592997228959584
Å“e1PÃ¯Â¿Å“PÃ¯,-1.665651406096946,-2.823865772968896,8.918508866513715
Å“PÃ¯,-1.665651406096946,-2.823865772968896,8.918508866513715
Å“Ã­Â“ÂƒÃ¯,-1.4316218463968815,-2.948668327472858,9.592997228959584
Å“XuÃ¯,-1.4316218463968815,-2.948668327472858,9.592997228959584
Å“ÃÂ£Ã¯,-1.4316218463968815,-2.948668327472858,9.592997228959584
Å“8p,-1.4316218463968815,-2.948668327472858,9.592997228959584
Å“k,-1.4316218463968815,-2.948668327472858,9.592997228959584
Å“PjÃ¯,-1.4316218463968815,-2.948668327472858,9.592997228959584
Å“ÃÂ–Ã¯,-1.4316218463968815,-2.948668327472858,9.592997228959584
Å“B,-1.4316218463968815,-2.948668327472858,9.592997228959584
Å“lÃÂuÃ¯,-1.4316218463968815,-2.948668327472858,9.592997228959584
iJPkÃ¯,-1.4316218463968815,-2.948668327472858,9.592997228959584
Å“5Ã¯,-1.4316218463968815,-2.948668327472858,9.592997228959584
Å“Ã¯,14.903632883930015,27.779387334169815,-3.3668718908271718
Å“DdÃ¯,12.376932919498623,30.405588349582203,-1.502132988203187
Ã†ÂƒÃ¯,12.376932919498623,30.405588349582203,-1.502132988203187
Å“gÃ¯,13.800680302973326,33.03950675908215,-1.6398240834465716
pÃ¯Â¿Å“Ã¯,12.851515380656856,31.283561152748852,-1.5480300199509827
Å“Ã¯Â¿Å“Ã¯,12.376932919498623,30.405588349582203,-1.502132988203187
KÃ¯,12.376932919498623,30.405588349582203,-1.502132988203187
Å“iÃ¯,11.902350458340392,29.527615546415536,-1.4562359564553944
qÃ¯Â¿Å“Ã®,11.902350458340392,29.527615546415536,-1.4562359564553944
Å“GuÃ¯,11.902350458340392,29.527615546415536,-1.4562359564553944
Å“Pm6,13.00530303929708,24.2674961215032,-3.1832837638359965
Å“z,13.832517475014601,20.322406552818947,-4.478569619371449
Å“NÃ¯,11.902350458340392,29.527615546415536,-1.4562359564553944
Å“ÃÂ’Ã¯,11.902350458340392,29.527615546415536,-1.4562359564553944
Å“bjNnnÃ¯,11.902350458340392,29.527615546415536,-1.4562359564553944
Å“LÃ¯,11.902350458340392,29.527615546415536,-1.4562359564553944
Å“ÃŸ,12.178088603579564,28.212585690187456,-1.887997908300544
Å“5Ã¯,11.902350458340392,29.527615546415536,-1.4562359564553944
Ã‰Âd,13.00530303929708,24.2674961215032,-3.1832837638359965
LÃ¯,13.00530303929708,24.2674961215032,-3.1832837638359965
Å“jOÃ‘,12.72956489405791,25.582525977731287,-2.7515218119908473
Å“Y,11.902350458340392,29.527615546415536,-1.4562359564553944
Å“nOÃ¯,11.902350458340392,29.527615546415536,-1.4562359564553944
NÃ¯,12.178088603579564,28.212585690187456,-1.887997908300544
Å“zÃ¯,12.178088603579564,28.212585690187456,-1.887997908300544
Å“X,11.902350458340392,29.527615546415536,-1.4562359564553944
Å“Ã’Å’ipÃ¯,11.902350458340392,29.527615546415536,-1.4562359564553944
Å“MSssÃ¯,12.72956489405791,25.582525977731287,-2.7515218119908473
Å“x,11.902350458340392,29.527615546415536,-1.4562359564553944
Å“VÃ¯,11.902350458340392,29.527615546415536,-1.4562359564553944
Å“UkÃ¯,11.902350458340392,29.527615546415536,-1.4562359564553944
Å“mÃ¯Â¿Å“dÃ¯,12.453826748818736,26.897555833959366,-2.319759860145695
Å“mÃ§Â„Â¢kÃ¯,11.902350458340392,29.527615546415536,-1.4562359564553944
Å“mÃ§Â„Â¢kÃ¯Â¿Å“F1Ã¯,11.427767997182158,28.64964274324888,-1.4103389247076004
Å“F1Ã¯,11.427767997182158,28.64964274324888,-1.4103389247076004
Å“F1Ã¯Â¿Å“F,11.902350458340392,29.527615546415536,-1.4562359564553944
Ã¢Â€Â˜artisanalÃ¢,17.051261903326992,-13.876087103198824,-13.701950369477991
Ã¢Â€Â˜subsistenceÃ¢,16.300941296929587,-13.439030050137395,-13.224291385885046
EBSCOhostÃ¢Â€Â”searched Ã¢Â€Â˜octopus,15.034329643834841,-12.689718498518497,-11.594485056253284
AND fisheryÃ¢,17.28529146302706,-14.000889657702784,-13.02746200703212
artisanalÃ¢,17.28529146302706,-14.000889657702784,-13.02746200703212
Ã¢Â€Â˜octopusÃ¢,15.784650250232248,-13.126775551579925,-12.07214403984623
Ã¢Â€Â˜cephalopodÃ¢,15.784650250232248,-13.126775551579925,-12.07214403984623
cyaneaÃ¢,16.534970856629656,-13.563832604641359,-12.549803023439177
mayaÃ¢,15.784650250232248,-13.126775551579925,-12.07214403984623
Ã¢Â€Â˜polvoÃ¢,15.550620690532181,-13.00197299707597,-12.746632402292096
Ã¢Â€Â˜livelihoodÃ¢,15.550620690532181,-13.00197299707597,-12.746632402292096
folkÃ¢,15.550620690532181,-13.00197299707597,-12.746632402292096
Ã¢Â€Â˜womenÃ¢,15.550620690532181,-13.00197299707597,-12.746632402292096
Ã¢Â€Â˜fisherÃ¢,16.300941296929587,-13.439030050137395,-13.224291385885046
managementÃ¢,15.034329643834841,-12.689718498518497,-11.594485056253284
Ã¢Â€Â˜o,15.034329643834841,-12.689718498518497,-11.594485056253284
Ã¢Â€Â˜poulpeÃ¢,14.049979477737368,-12.127858890953112,-11.79131443510621
scaleÃ¢,15.034329643834841,-12.689718498518497,-11.594485056253284
Alonso-FernÃƒ,-3.284288298723089,1.4324858450825724,0.012469059474022985
europeansting,-3.48313261464215,-0.7605168143121663,-0.3733958606233328
LOMÃƒ,-3.9155190820864334,-1.501893621183348,1.2723024038013377
StatesÃ¢,-1.622361269180263,-2.6764687840721613,1.4391266856993803
Aleut Community St,-2.4570738630055717,-2.512603723601679,-1.282816796061428
KanuuxÃŒ,-2.4570738630055717,-2.512603723601679,-1.282816796061428
Ã¢Â€ÂœSewardÃ¢Â€Â™s FollyÃ¢,-3.957715075800383,-1.6384896174788222,-0.32749882887553905
AlaÃ„Âum KanuuxÃŒ,-2.732812008244743,-1.1975738673735952,-0.8510548442162775
Ã¢Â€ÂœAlaÃ„Âum KanuuxÃŒ,-3.9155190820864334,-1.501893621183348,1.2723024038013377
17 Sept,-3.207394469402977,-2.0755466705402505,-0.8051578124684836
Ã¢Â€Â˜greenÃ¢,-3.957715075800383,-1.6384896174788222,-0.32749882887553905
DiÃƒ,-3.207394469402977,-2.0755466705402505,-0.8051578124684836
logo,-1.3104949565524862,-3.0998913050460857,-1.1994046551124071
ipoa-iuu,-1.7067532566081642,-2.9496607766631078,-1.7604757796543726
Think Tank Index ReportÃ¢,-3.9155190820864334,-1.501893621183348,1.2723024038013377
upenn,-3.9155190820864334,-1.501893621183348,1.2723024038013377
edu,-3.9155190820864334,-1.501893621183348,1.2723024038013377
Torremolinos,-1.867064257006492,2.938826342407959,1.2696517208701743
International-Convention,-1.5491301180533679,1.7603924824753487,2.4376910017019
imo,-2.570095859714287,0.10382145676698457,1.7415794648477148
Ã¢Â€ÂœU,1.577765472328424,-2.2316943369231366,-0.0856443285750428
Ã¢Â€ÂœsinkÃ¢,-2.4570738630055717,-2.512603723601679,-1.282816796061428
Ã¢Â€ÂœdegradedÃ¢,-2.4570738630055717,-2.512603723601679,-1.282816796061428
MexicoÃ¢Â€Â™s YucatÃƒ,-3.7588707598813227,0.5545130419159167,0.05836609122181701
Ã¢Â€ÂœpioneersÃ¢,-3.7588707598813227,0.5545130419159167,0.05836609122181701
Ã¢Â€Âœzombie,-3.284288298723089,1.4324858450825724,0.012469059474022985
The Pew Charitable TrustsÃ¢,-3.957715075800383,-1.6384896174788222,-0.32749882887553905
Ã¢Â€ÂœcollaborativeÃ¢,-3.1651984756890266,-1.9389506742447769,0.7946434202083932
Ã¢Â€Â™Ã¢,7.864996958637082,1.2742797377435766,-0.11079009621474552
GalÃƒ,-3.7588707598813227,0.5545130419159167,0.05836609122181701
Ã¢Â€ÂœpresumedÃ¢,-2.809705837564856,2.3104586482492278,-0.033427972273771034
Ã¢Â€ÂœconfirmedÃ¢,-2.41997087926728,1.032650207691671,1.9225169089077285
Ã¢Â€ÂœwidespreadÃ¢,-3.284288298723089,1.4324858450825724,0.012469059474022985
Ã¢Â€Â˜protectedÃ¢,-3.7588707598813227,0.5545130419159167,0.05836609122181701
CatchÃ¢,-3.957715075800383,-1.6384896174788222,-0.32749882887553905
Ã¢Â€ÂœencounteredÃ¢,-1.7067532566081642,-2.9496607766631078,-1.7604757796543726
13 yearsÃ¢,-3.2556263967001895,-2.0128972809907064,1.6959662584620712
Fisheries Animal IndustriesÃ¢,-3.5248412001812577,0.4297104874119552,0.7328544536676868
abc12,-4.23997656279766,-1.4510376734253168,1.4991368796091455
Ã¢Â€ÂœdisasterÃ¢,-3.48313261464215,-0.7605168143121663,-0.3733958606233328
Ã¢Â€ÂœWe fins,-3.008550153483916,0.1174559888544882,-0.4192928923711275
Ã°ÂŸÂ’ÂªÃ°ÂŸÂª,-3.249103054942086,-0.8853193688161283,0.3010925018225369
Sampath,-3.9155190820864334,-1.501893621183348,1.2723024038013377
United StatesÃ¢,-2.4570738630055717,-2.512603723601679,-1.282816796061428
Game ThiefÃ¢,-3.207394469402977,-2.0755466705402505,-0.8051578124684836
Ã¢Â€ÂœtransshipmentÃ¢,-2.4570738630055717,-2.512603723601679,-1.282816796061428
Pacific Island States United StatesÃ¢,-2.25822954708651,-0.3196010642069404,-0.8969518759640722
territory American Samoa,-2.809705837564856,2.3104586482492278,-0.033427972273771034
Ã¢Â€Âœeared sealsÃ¢,-2.4570738630055717,-2.512603723601679,-1.282816796061428
holesÃ¢,-4.23997656279766,-1.4510376734253168,1.4991368796091455
nigeria,-3.957715075800383,-1.6384896174788222,-0.32749882887553905
Ã¢Â€ÂœconservativeÃ¢,-3.957715075800383,-1.6384896174788222,-0.32749882887553905
AquacultureÃ¢,-0.9113759929319203,5.822349860915849,-0.2170160992649482
Ã¢Â€ÂœdiscriminationÃ¢,-3.957715075800383,-1.6384896174788222,-0.32749882887553905
th,-2.732812008244743,-1.1975738673735952,-0.8510548442162775
ItaquaÃƒ,0.7491207048284625,-2.8228406154113403,0.9989828113076621
DECEUNINCK,-4.23997656279766,-1.4510376734253168,1.4991368796091455
Ã¢Â€ÂœMoby-DickÃ¢,-3.957715075800383,-1.6384896174788222,-0.32749882887553905
Ã¢Â€ÂTheoretically,-1.584802770009215,2.751374398354454,-0.5569839876145103
Seafreeze Ltd,-3.519260782030754,-1.6521241495663255,1.8333735283433035
Ã¢Â€ÂœBHFÃ¢,-2.5053057903027827,-2.4499543340521357,1.218307274869126
Ã¢Â€ÂœProPublicaÃ¢,-3.008550153483916,0.1174559888544882,-0.4192928923711275
Ã¢Â€ÂœyesterdayÃ¢,-3.9155190820864334,-1.501893621183348,1.2723024038013377
Ã¢Â€ÂœPortlandÃ¢,-3.519260782030754,-1.6521241495663255,1.8333735283433035
4Ã¢Â€Â‰ÃƒÂ—Ã¢Â€Â‰15Ã¢,-3.48313261464215,-0.7605168143121663,-0.3733958606233328
Ã¢Â€Â‰60,-3.48313261464215,-0.7605168143121663,-0.3733958606233328
93,-3.3038583239974004,-1.9502478914411638,4.197090329392625
96,-2.8357992045972704,-2.1998530004490875,5.546067054284363
FlodstrÃƒ,-4.233453221039556,-0.3234597612507377,0.10426312296961186
Ã¢Â€ÂœcardingÃ¢,-3.207394469402977,-2.0755466705402505,-0.8051578124684836
allAfrica,-3.957715075800383,-1.6384896174788222,-0.32749882887553905
Ã‚Â£9,-4.311777382142112,-1.3516630928003706,0.7112312792593718
Ã‚Â£800,-0.9564326502107584,-3.3867178297245357,-2.2381347632473174
waterÃ¢,-3.999423661339492,-0.4482623157546997,0.7787514854154816
nationalfisherman,-3.207394469402977,-2.0755466705402505,-0.8051578124684836
intrafish,-3.957715075800383,-1.6384896174788222,-0.32749882887553905
choicesmagazine,-4.23997656279766,-1.4510376734253168,1.4991368796091455
usa,-0.206112043813352,-3.8237748827859654,-2.7157937468402626
oceana,-0.9564326502107584,-3.3867178297245357,-2.2381347632473174
ams.usda,-2.4570738630055717,-2.512603723601679,-1.282816796061428
Ã¢Â€ÂœinitiallyÃ¢,-3.284288298723089,1.4324858450825724,0.012469059474022985
SIMPComplianceGuide,-2.9733649097029122,-2.2003492250442127,-0.13066945002261368
Ã¢Â€ÂœpoachedÃ¢,-3.957715075800383,-1.6384896174788222,-0.32749882887553905
Ã¢Â€ÂœAccept AllÃ¢,-4.005947003097596,-1.5758402279292782,2.1736252420550155
krxd,-4.23997656279766,-1.4510376734253168,1.4991368796091455
Ã¢Â€ÂœseamountÃ¢,-3.5614567757447055,-1.788720145861799,0.23357229566642715
MarsÃ¢,-4.23997656279766,-1.4510376734253168,1.4991368796091455
Launch LoversÃ¢,-4.077747822442047,-1.476465647304332,1.3857196417052413
LC,-3.519260782030754,-1.6521241495663255,1.8333735283433035
US Special Operations SOF,-3.284288298723089,1.4324858450825724,0.012469059474022985
Ã¢Â€ÂœbossesÃ¢,-3.1230024819750755,-1.8023546779493032,2.3944446528852694
MCDP,-3.284288298723089,1.4324858450825724,0.012469059474022985
Ã¢Â€ÂœdimersalÃ¢,-3.48313261464215,-0.7605168143121663,-0.3733958606233328
Ã¢Â€Â˜AwachaÃ¢,-4.23997656279766,-1.4510376734253168,1.4991368796091455
Ã¢Â€ÂœSaikoÃ¢,-3.207394469402977,-2.0755466705402505,-0.8051578124684836
Ã¢Â€ÂœElquiÃ¢,-3.7653941016394263,-0.573064870258662,1.4532398478613513
Shipping Corp,-0.206112043813352,-3.8237748827859654,-2.7157937468402626
Navigation Corp,-1.7067532566081642,-2.9496607766631078,-1.7604757796543726
Triton Navigation Corp,0.5442085625840544,-4.260831935847394,-3.1934527304332074
Pontus Navigation Corp,-0.206112043813352,-3.8237748827859654,-2.7157937468402626
Ã¢Â€ÂœHSIÃ¢,-2.4570738630055717,-2.512603723601679,-1.282816796061428
Ã¢Â€ÂœNYPDÃ¢,-1.7067532566081642,-2.9496607766631078,-1.7604757796543726
Ã¢Â€Âœbe,-3.7588707598813227,0.5545130419159167,0.05836609122181701
Ã¢Â€ÂœlaughableÃ¢,-3.7588707598813227,0.5545130419159167,0.05836609122181701
Ã¢Â€ÂœtoppyÃ¢,5.091188858247331,2.325893436424419,-4.038287968008507
Ã¢Â€ÂœstagÃ¢,3.161021841573123,11.531102430021006,-1.0159543050924533
Ã¢Â€ÂœlegitimateÃ¢,-1.7067532566081642,-2.9496607766631078,-1.7604757796543726
EasterlingsÃ¢,-2.5771066096472337,-2.3505797534271897,0.4304016745193522
AttorneysÃ¢,-4.311777382142112,-1.3516630928003706,0.7112312792593718
22 Raptor,-3.0567820807811286,0.18010537840403198,2.0818311785594275
Covid,-3.249103054942086,-0.8853193688161283,0.3010925018225369
Ã¢Â€ÂœFrontlineÃ¢,-3.1651984756890266,-1.9389506742447769,0.7946434202083932
Ã¢Â€ÂÃ¢Â€Â¯The,-3.207394469402977,-2.0755466705402505,-0.8051578124684836
SurvivorsÃ¢,-3.9155190820864334,-1.501893621183348,1.2723024038013377
Task Force,-3.9155190820864334,-1.501893621183348,1.2723024038013377
FilkinsÃ¢,-4.233453221039556,-0.3234597612507377,0.10426312296961186
GoliathÃ¢,-3.207394469402977,-2.0755466705402505,-0.8051578124684836
estÃƒ,-3.9155190820864334,-1.501893621183348,1.2723024038013377
maÃƒÂ±ana asÃƒ,-3.9155190820864334,-1.501893621183348,1.2723024038013377
Liibaan General Trading Co,-3.207394469402977,-2.0755466705402505,-0.8051578124684836
RPG,-0.9142366564968075,-3.2501218334290627,-0.6383335305704411
Refugee BenefitsÃ¢,-1.8605409152483878,4.0664042545825385,-0.12522203576935984
Ã¢Â€ÂœPerlaÃ¢,-3.957715075800383,-1.6384896174788222,-0.32749882887553905
Ã¢Â€ÂœEmanuelÃ¢Â€ÂÃ¢Â€Â“if,-3.957715075800383,-1.6384896174788222,-0.32749882887553905
Ã¢Â€ÂœRestrainÃ¢,-2.4570738630055717,-2.512603723601679,-1.282816796061428
Ã¢Â€ÂœExploitationÃ¢,-2.4570738630055717,-2.512603723601679,-1.282816796061428
Feb,3.413841889798252,-3.565956155095321,-0.39046396529239114
Ã¢Â€Âœdirect,-3.207394469402977,-2.0755466705402505,-0.8051578124684836
Ã¢Â€Â˜directlyÃ¢,-2.4570738630055717,-2.512603723601679,-1.282816796061428
wgbh,-4.005947003097596,-1.5758402279292782,2.1736252420550155
brianbushard,-4.311777382142112,-1.3516630928003706,0.7112312792593718
siladityaray,-4.311777382142112,-1.3516630928003706,0.7112312792593718
Ã¢Â€Â˜PerlaÃ¢,-3.207394469402977,-2.0755466705402505,-0.8051578124684836
MexicoÃ¢Â€Â™Ã¢,-3.519260782030754,-1.6521241495663255,1.8333735283433035
Ã¢Â€Â˜enticedÃ¢,-0.9564326502107584,-3.3867178297245357,-2.2381347632473174
ÃÂ°Ã‘,-3.519260782030754,-1.6521241495663255,1.8333735283433035
ÃÅ“ÃÂ° ÃÂ±ÃÅ¸Ã‘Â†Ã‘,-3.519260782030754,-1.6521241495663255,1.8333735283433035
ÃÂ£ÃÂºÃ‘Â€ÃÂ°Ã‘Â—ÃÅ“ÃÅ¾,-3.519260782030754,-1.6521241495663255,1.8333735283433035
Ã¢Â€ÂœCompromiseÃ¢,-3.207394469402977,-2.0755466705402505,-0.8051578124684836
Ã¢Â€Â˜PartnersÃ¢,-4.474006122497726,-1.3262351189213548,0.824648517163276
Ã¢Â€ÂœtheoriginaldragoncoveÃ¢,0.8288751977134609,2.741598563310748,0.6026733706706483
Ã¢Â€ÂœoriginaldragoncoveÃ¢,-2.4570738630055717,-2.512603723601679,-1.282816796061428
The DefendantsÃ¢,-3.207394469402977,-2.0755466705402505,-0.8051578124684836
Ã¢Â€ÂœNinoÃ¢,-3.519260782030754,-1.6521241495663255,1.8333735283433035
TexasÃ¢,-2.570095859714287,0.10382145676698457,1.7415794648477148
Remarkable,-4.233453221039556,-0.3234597612507377,0.10426312296961186
PÃƒ,3.821716541587696,-5.997266706301598,-2.82979906968224
Ã¢Â€ÂœcommissionÃ¢,-3.207394469402977,-2.0755466705402505,-0.8051578124684836
Ã¢Â€ÂœundeniableÃ¢,-1.7067532566081642,-2.9496607766631078,-1.7604757796543726
Ã¢Â€ÂœinconsistenciesÃ¢,-1.9342275818080397,-2.253046263098236,4.077658026511167
Ã¢Â€ÂœadjustingÃ¢,-3.2908116404811927,0.3049079329079934,1.4073428161135568
Ã¢Â€ÂœDesbloqueio pÃƒ,-0.9564326502107584,-3.3867178297245357,-2.2381347632473174
Ã¢Â€ÂœKikoÃ¢,-4.23997656279766,-1.4510376734253168,1.4991368796091455
tio MPFÃ¢Â€Â™s Special Action Group Combat Organized Crime,-2.4570738630055717,-2.512603723601679,-1.282816796061428
ExportaÃƒ,-2.5771066096472337,-2.3505797534271897,0.4304016745193522
Ã¢Â€ÂœillegalÃ¢,-4.233453221039556,-0.3234597612507377,0.10426312296961186
HardwoodsÃ¢,-3.48313261464215,-0.7605168143121663,-0.3733958606233328
MeridaÃ¢Â€Â™Ã¢,-3.957715075800383,-1.6384896174788222,-0.32749882887553905
meridaÃ¢,-2.8357992045972704,-2.1998530004490875,5.546067054284363
Ã¢Â€ÂœBanderaÃ¢,-1.622361269180263,-2.6764687840721613,1.4391266856993803
Ã¢Â€ÂœPadre,-1.622361269180263,-2.6764687840721613,1.4391266856993803
MenardsÃ¢,-3.9155190820864334,-1.501893621183348,1.2723024038013377
Ã‚Â£103,-3.7588707598813227,0.5545130419159167,0.05836609122181701
Ã‚Â£10,-3.9155190820864334,-1.501893621183348,1.2723024038013377
Ã¢Â€ÂœtigerÃ¢,-3.7588707598813227,0.5545130419159167,0.05836609122181701
Ã¢Â€ÂœminingÃ¢,-3.284288298723089,1.4324858450825724,0.012469059474022985
PitÃ¢,-3.9155190820864334,-1.501893621183348,1.2723024038013377
Ã¢Â€Âœsnitch,-3.284288298723089,1.4324858450825724,0.012469059474022985
Ã¢Â€ÂœbrokerÃ¢,-2.4570738630055717,-2.512603723601679,-1.282816796061428
PlattsÃ¢,-2.809705837564856,2.3104586482492278,-0.033427972273771034
Ã¢Â€ÂœDuare RationÃ¢,-3.957715075800383,-1.6384896174788222,-0.32749882887553905
Ã¢Â€ÂœsatisfactoryÃ¢,-3.519260782030754,-1.6521241495663255,1.8333735283433035
Ã¢Â€ÂœoverwhelmedÃ¢,-3.519260782030754,-1.6521241495663255,1.8333735283433035
Ã¢Â€Â˜exemplaryÃ¢,-4.474006122497726,-1.3262351189213548,0.824648517163276
Amstel Inc,-3.1230024819750755,-1.8023546779493032,2.3944446528852694
Ã¢Â€ÂœHelpÃ¢,-3.1230024819750755,-1.8023546779493032,2.3944446528852694
Ã¢Â€Âœsleepy,-3.4474599626863034,-1.7514987301912723,2.621279128693077
16,-3.207394469402977,-2.0755466705402505,-0.8051578124684836
Ã¢Â€ÂœPublic Loaders,-3.999423661339492,-0.4482623157546997,0.7787514854154816
Ã¢Â€ÂœEQUIPMENTÃ¢,-3.1230024819750755,-1.8023546779493032,2.3944446528852694
Ã¢Â€ÂœshabuÃ¢,-0.9564326502107584,-3.3867178297245357,-2.2381347632473174
Ã¢Â€ÂœcrisisÃ¢,-3.9155190820864334,-1.501893621183348,1.2723024038013377
Aicrowe Biotech Co,-3.957715075800383,-1.6384896174788222,-0.32749882887553905
Gaosheng Biotechnology Co,-0.9564326502107584,-3.3867178297245357,-2.2381347632473174
076,-4.23997656279766,-1.4510376734253168,1.4991368796091455
vansÃ¢,-4.23997656279766,-1.4510376734253168,1.4991368796091455
Ã¢Â€Â˜DisastrousÃ¢,-4.077747822442047,-1.476465647304332,1.3857196417052413
Ã¢Â€Âœshark finÃ¢,-3.207394469402977,-2.0755466705402505,-0.8051578124684836
13d79d632036,-3.519260782030754,-1.6521241495663255,1.8333735283433035
2037/09,-3.9155190820864334,-1.501893621183348,1.2723024038013377
2038650116,-3.284288298723089,1.4324858450825724,0.012469059474022985
sectors sectors 2033,-3.207394469402977,-2.0755466705402505,-0.8051578124684836
yearbook2034,-1.7067532566081642,-2.9496607766631078,-1.7604757796543726
20370602035941,-2.3351233764066217,3.1884314514158825,-0.0793250040215655
yearbook2036,-0.9564326502107584,-3.3867178297245357,-2.2381347632473174
2036-06,-3.957715075800383,-1.6384896174788222,-0.32749882887553905
2035/03,-4.23997656279766,-1.4510376734253168,1.4991368796091455
faf.20363,-3.284288298723089,1.4324858450825724,0.012469059474022985
2030Ã¢,-2.4570738630055717,-2.512603723601679,-1.282816796061428
Ancla Azul Company Solutions,7.668689284966418,-8.31865174330909,-1.1411587160168617
Ã¢Â€Âœpair,-2.4570738630055717,-2.512603723601679,-1.282816796061428
Guessl,-1.9402954081333863,-1.4980349241395505,0.27108740486765387
Federated,5.10189417911558,-3.7203650886654067,3.3641945596257714
FinestSea Ltd. Corporation Enterprises,-2.7810439355419554,-1.134924477824052,1.6500692267142762
Icelandic Shrimp Corporation Transport,2.0870457690928177,-4.998350045674778,-2.54896946494222
Lake Mweru A/S Carriers,-1.3104949565524862,-3.0998913050460857,-1.1994046551124071
Playa de la Felicidad Oyj Cargo,3.624302557451079,-3.6540335185238813,-3.005005274126849
l y S.A. de C.V. International,5.324275494339795,-1.008321667232403,-0.868406774247486
SeaSpray Wave SRL Solutions,202.72212701827468,-19.978070619254847,14.674017644728057
Ocean Fisheries Llc,210.2183223323158,-26.8030423600633,8.586250018470245
Ancla del Mar Ltd. Corporation,-4.005947003097596,-1.5758402279292782,2.1736252420550155
Tamil Nadu S.p.A.,6.727965444365342,-3.0839602922757696,0.4724718534598362
Fisherman'sFriend Charter Boat S.A. de C.V. Freight ,2.249761917623275,-3.696954721534197,0.04366484412177259
FiTI,-4.005947003097596,-1.5758402279292782,2.1736252420550155
Victoria,-2.9733649097029122,-2.2003492250442127,-0.13066945002261368
Master,2.9889535804617604,-0.5261084537527323,5.272463636428538
Faurtil FÃƒÂ¡brica Urnas TietÃƒÂª,-1.9342275818080397,-2.253046263098236,4.077658026511167
Turkish Mussels Ltd. Liability Co Marine biology,4.536396388771341,-5.999107796597589,1.6053628826593482
Mar del Paraso SRL Shipping,-2.7393353500028472,-2.3251517795481744,0.5438189124232559
New Bedford Light,-3.7588707598813227,0.5545130419159167,0.05836609122181701
Sonia Fisheries Pvt,49.60209611305021,-17.501679698373543,13.391375529897621
Pesquera,-0.3491943815853253,-2.8539683766301454,6.321942524679027
DOFÃ¢Â€Â™s,11.008906206565923,-3.3263442317912206,-5.857717923822768
Irish Sea Seaside GmbH & Co. KG Distribution,7.0991370864803764,-5.646621826431537,19.93263702374668
Uttar Pradesh Sp,-0.01982700323565552,-2.559104749720788,3.165870233504058
Estrella de Coral Ltd. Corporation Logistics,42.74245293543834,6.988711949046803,-6.042889305206748
Gulf of Guinea  Corporation,-2.4570738630055717,-2.512603723601679,-1.282816796061428
Seabreeze Foods Corporation Logistics,-3.4896559564002536,-1.8880947264867456,1.021477896016201
Ã¢Â€Â˜Do,-2.0608155629498923,-2.662834251984657,-0.7217456715194623
Dry Creek S.p.A. Overseas,-1.225615560949741,-1.4998760144355423,4.706249357209242
Meere Delpeuch,-3.957715075800383,-1.6384896174788222,-0.32749882887553905
Kerala Market Limited Liability Company,-1.0333264795308699,0.12131468589828613,-1.4205078913048113
Pasture Petfoods New Zealand Ltd,4.3408682518499235,2.7629504894858474,-3.560628984415561
Tanzania,1.4803268013843143,-4.760042153863241,-0.4954992806497281
Reunion,-2.9733649097029122,-2.2003492250442127,-0.13066945002261368
Ht Shipping,6.926190857993293,12.372030333968953,4.419550735882595
Selena Building,-2.3304858818637184,-2.102815734715258,3.5165869019692013
Playa de la Felicidad NV,-1.0764653968524214,-3.224693859550047,-0.5249162926665372
Ã¢Â€ÂœIllegal,3.280111664607184,8.159665910693658,-0.23377994435808278
IMPORT,-3.1651984756890266,-1.9389506742447769,0.7946434202083932
Fishing International,-2.2230443033055063,-2.6374062781056407,-0.6083284336155582
Ã¢Â€ÂœVirginia,-3.957715075800383,-1.6384896174788222,-0.32749882887553905
Electronic,-3.28523122233069,-1.7769267040702872,2.507861890789173
Fish Sea,-1.7067532566081642,-2.9496607766631078,-1.7604757796543726
Sea Products,7.580330323507673,-5.728150761414566,-3.9069161973186
W Appliance,-0.7937165016803013,-2.085322505583956,0.3544995458166751
McLeanÃ¢Â€Â™s,-0.9142366564968075,-3.2501218334290627,-0.6383335305704411
American,1.572672462352763,1.1769635980747408,1.519888143717238
Finest Ltd. Liability Co United,-0.6084062774522914,-3.474298968557971,0.8240604322252022
Ex-Lax,-1.7067532566081642,-2.9496607766631078,-1.7604757796543726
Fishisland,-2.4570738630055717,-2.512603723601679,-1.282816796061428
Jammu & Kashmir Limited Liability Company Delivery,-1.7067532566081642,-2.9496607766631078,-1.7604757796543726
heÃ¢Â€Â™s,-2.4570738630055717,-2.512603723601679,-1.282816796061428
Ã¢Â€Âœnoncitizen,-1.7067532566081642,-2.9496607766631078,-1.7604757796543726
Ã¢Â€ÂœGenev,-3.5614567757447055,-1.788720145861799,0.23357229566642715
Oceanfront Oasis Inc Carriers,-3.093397656344576,-2.038325254869723,1.5825490205581667
Qingdao Kaiyuan Seafoods,-0.9178993346900243,4.694771948741269,1.1778576573745856
West Bengal SRL Marine conservation,-3.008550153483916,0.1174559888544882,-0.4192928923711275
Platts Oilgram,-2.809705837564856,2.3104586482492278,-0.033427972273771034
Kerala Market Corp Consulting,2.7286353741288405,10.789725623149826,0.6297439593322179
Mar de la Vida OJSC,5.5578176458650175,-2.4599475197559606,-2.8999699587695127
America,-3.519260782030754,-1.6521241495663255,1.8333735283433035
Portuguese Octopus S.p.A. Cargo,-2.888972922275012,-1.9271572324532646,3.0689330153311394
Surf and Sand Ltd. Liability Co,-0.9564326502107584,-3.3867178297245357,-2.2381347632473174
West Bengal S.A. de C.V.,-0.40303861977512623,-0.1537183969886532,-0.18494840431697546
Partnership satellite,-3.957715075800383,-1.6384896174788222,-0.32749882887553905
Seafood,3.5112805607423634,-1.0376083381552166,0.01939098678229343
Caribbean,6.625129467607948,-7.284850981902861,0.2858031697844179
XUAR,2.166800261977816,0.5660891330473106,-2.945278905579234
Fisheries Inc,-0.643591521233295,-1.1564937546592702,0.5354369898766886
Getis-Ord,-3.7236855161003186,-1.7632921719827837,0.34698953357033097
World Church Power God,-2.809705837564856,2.3104586482492278,-0.033427972273771034
Rama Overseas,4.295811594571086,-6.446117201154537,-5.58174764839793
Estrella de Mar Limited Liability Company Delivery,-4.233453221039556,-0.3234597612507377,0.10426312296961186
BergmanÃ¢Â€Â™s,-3.207394469402977,-2.0755466705402505,-0.8051578124684836
Conduct Joint,-2.7689401756333476,-2.089181202627754,1.3557145447503587
Seabreeze Foods Ltd. Corporation United,3.319446994756249,-0.7762097873557812,0.9447038570133
Kilimanjaro fishery Ltd. Liability Co Transport,-2.5771066096472337,-2.3505797534271897,0.4304016745193522
Isa,-2.037246670902653,-2.6995594430600596,2.5672839997608654
Barco de Plata Ltd Logistics,-3.4896559564002536,-1.8880947264867456,1.021477896016201
Lake Malawi LC Forwading,-3.48313261464215,-0.7605168143121663,-0.3733958606233328
Water World LLC Express,-1.5862331017916589,-1.7848614488180012,-0.7676427032672568
Ã¢Â€ÂœTrials,-3.7588707598813227,0.5545130419159167,0.05836609122181701
BPÃ¢Â€Â™s,-3.957715075800383,-1.6384896174788222,-0.32749882887553905
FLIP MCGYVER Tradema,-3.7588707598813227,0.5545130419159167,0.05836609122181701
Shellfish Chile SA,-1.1116506406334248,-0.9068886456513467,-0.8135397350150512
IPOS0000DOP,-2.3304858818637184,-2.102815734715258,3.5165869019692013
TemuÃ¢Â€Â™s,-1.0333264795308699,0.12131468589828613,-1.4205078913048113
Firearms Explosives,-2.888029998667411,1.282255316699595,0.5735401840159887
IAVMs,-2.5339676923256826,0.9954287920211433,-0.46518992411892196
Cartel Emergent Weaponry Use,-1.7067532566081642,-2.9496607766631078,-1.7604757796543726
Ejintex International,-2.0593852311674485,1.8734015951877987,-0.5110869558667159
Asia Seafood,-3.284288298723089,1.4324858450825724,0.012469059474022985
Andhra Pradesh  S.A. de C.V.,-3.5614567757447055,-1.788720145861799,0.23357229566642715
AtlantoÃ¢Â€Â“Scandian,-4.311777382142112,-1.3516630928003706,0.7112312792593718
TrammellÃ¢Â€Â™s,-3.1230024819750755,-1.8023546779493032,2.3944446528852694
Moo,-1.3085772165951992,2.7631678401459663,1.7173056075082362
Eva,5.288602842383948,-0.017339751353297433,-3.8630817635638963
Salles Operation Handroanthus,-4.233453221039556,-0.3234597612507377,0.10426312296961186
Blue Water Ventures Ltd. Liability Co,-3.207394469402977,-2.0755466705402505,-0.8051578124684836
Mar de Cristalino Co,-2.8111361693472987,-2.2257771989232276,-0.2440866879265178
SaltwaterSavor Shipyard LC Merchants,-3.957715075800383,-1.6384896174788222,-0.32749882887553905
OceanKings Sailor Corp Logistics,-0.4883735308106285,-3.63632293873246,-0.889158038355578
Debit Cards Autopay,-2.4570738630055717,-2.512603723601679,-1.282816796061428
Mar de la Costa Ges.m.b.H.,-4.23997656279766,-1.4510376734253168,1.4991368796091455
Ã¢Â€Âœsuffered,-3.7588707598813227,0.5545130419159167,0.05836609122181701
Orient,-3.5248412001812577,0.4297104874119552,0.7328544536676868
OceanicHarvest Dry dock N.V. Delivery,-4.23997656279766,-1.4510376734253168,1.4991368796091455
itÃ¢Â€Â™s,-2.4570738630055717,-2.512603723601679,-1.282816796061428
RafaelÃ¢Â€Â™s,-2.4570738630055717,-2.512603723601679,-1.282816796061428
Madhya Pradesh Market BV,2.5584529602326787,5.151339837681808,1.9273762382229096
Ã¢Â€ÂœCompliance,-3.7719174433975313,-1.70064278243324,2.8481136045008846
Blue Bay,-4.23997656279766,-1.4510376734253168,1.4991368796091455
Innovative,0.11279691148945811,-2.348562146679385,3.8643486279272565
Lake Malawi SE Freight ,5.2163465076067395,-1.8005544218616163,0.5504570143693763
Caspian Sea  Sea Corporation Freight ,-3.284288298723089,1.4324858450825724,0.012469059474022985
Yu gan BV Investment,2.612752713855237,4.333679109173577,3.2328227889358674
Thai Union Seafood,-0.9113759929319203,5.822349860915849,-0.2170160992649482
Okavango Delta Seaside Limited Liability Company Logistics,1.613438124284271,-3.2226762528022412,2.909030660741368
sh rn y Corporation,8.53985406749682,8.881491047477425,0.43983650778756234
Ocean Trawlers,-2.8111361693472987,-2.2257771989232276,-0.2440866879265178
Belgian Scallop Limited Liability Company Krill,-2.9733649097029122,-2.2003492250442127,-0.13066945002261368
Sea Harvest,3.4560378835122036,-3.4293601587998475,1.2093372673844855
SMILE,2.0190804296629405,6.827142825334272,2.4965454599492922
Haryana s Co Transit,-3.069828764297336,-2.0750504459451258,4.871578691838494
Ã¢Â€Â¢,-2.809705837564856,2.3104586482492278,-0.033427972273771034
DOFÃ¢Â€Â™s Long Xing,-2.0608155629498923,-2.662834251984657,-0.7217456715194623
Insung,-2.4570738630055717,-2.512603723601679,-1.282816796061428
Chuan gou Company Overseas,-2.888029998667411,1.282255316699595,0.5735401840159887
Petroleum Vapor Intrusion,-3.9155190820864334,-1.501893621183348,1.2723024038013377
Energotrade Plus,-0.9564326502107584,-3.3867178297245357,-2.2381347632473174
Intrepid Navigators,3.54549098817368,-6.009060148093109,-5.104088664804986
Blue Venturew,7.573319573574727,-8.18255197160874,-5.218093987646963
The Salty Dog Tidepool Kga Transport,2.5194322365371007,-4.256973238803596,-4.19466772936689
Madhya Pradesh Market Ltd Solutions,-4.474006122497726,-1.3262351189213548,0.824648517163276
Scottish Trout Limited Liability Company Transit,-3.207394469402977,-2.0755466705402505,-0.8051578124684836
Gen International,-3.9155190820864334,-1.501893621183348,1.2723024038013377
MeWe Vimeo,-3.519260782030754,-1.6521241495663255,1.8333735283433035
Four,-4.474006122497726,-1.3262351189213548,0.824648517163276
II,-3.7588707598813227,0.5545130419159167,0.05836609122181701
Bloomberg,-3.957715075800383,-1.6384896174788222,-0.32749882887553905
Ntaco,-1.7067532566081642,-2.9496607766631078,-1.7604757796543726
SVBÃ¢Â€Â™s,-4.077747822442047,-1.476465647304332,1.3857196417052413
United Bankx,-3.1230024819750755,-1.8023546779493032,2.3944446528852694
Golden Titana,-0.6802070967967425,-3.3749243879330257,0.036154831875428624
Sea Breezes GmbH & Co. KG Lighthouse,-2.809705837564856,2.3104586482492278,-0.033427972273771034
Mar de Plata Corp and Son's,-3.7588707598813227,0.5545130419159167,0.05836609122181701
Rs,-3.7588707598813227,0.5545130419159167,0.05836609122181701
Irish Sea SRL Brothers,-3.207394469402977,-2.0755466705402505,-0.8051578124684836
Barco de Plata Plc,-4.23997656279766,-1.4510376734253168,1.4991368796091455
Thomas Corp Cargo ship,-3.327427216044641,-1.9135227003657604,0.9080606581122972
Blue Lagoon Sailor Limited Liability Company Worldwide,-3.2069070612281347,-0.7487233725206547,1.9008937344994132
Amorim Flooring,-2.7393353500028472,-2.3251517795481744,0.5438189124232559
Edward Ferry SE Transportation,-2.5771066096472337,-2.3505797534271897,0.4304016745193522
Ã‚Â£1,-3.681489522386368,-1.6266961756873104,1.946790766247207
Stock SA,-3.48313261464215,-0.7605168143121663,-0.3733958606233328
Forwading S.A. de C.V.,14.409339488518198,3.2919027688113305,1.1215306229038535
OceanicOrigin Foods River AG Marine ecology,-3.681489522386368,-1.6266961756873104,1.946790766247207
Ware,1.2176353396613495,-1.189856473286,-2.8534848420836454
Arctic,-2.030723329144549,-1.5719815308854805,1.1724102431213317
Niger River Delta Ges.m.b.H. Services,-3.207394469402977,-2.0755466705402505,-0.8051578124684836
ROBYN BECK,-1.9342275818080397,-2.253046263098236,4.077658026511167
Bay of Bengal's Incorporated,-3.519260782030754,-1.6521241495663255,1.8333735283433035
Aqua Ambassadors Limited Liability Company,-1.7067532566081642,-2.9496607766631078,-1.7604757796543726
Sea Luxe Oceanography Kga Transportation,-0.9564326502107584,-3.3867178297245357,-2.2381347632473174
MongabayÃ¢Â€Â™s,0.1901462562423267,-3.974005411168943,-2.1547226222982965
Fresh Atlantic,-4.474006122497726,-1.3262351189213548,0.824648517163276
SunÃ¢Â€Â™s,-3.957715075800383,-1.6384896174788222,-0.32749882887553905
Costa del Mar S.p.A.,-1.7067532566081642,-2.9496607766631078,-1.7604757796543726
OJSC Ltd. Liability Co,-3.9155190820864334,-1.501893621183348,1.2723024038013377
Mount Kenya Estuary Sp Holdings,-1.0764653968524214,-3.224693859550047,-0.5249162926665372
Ã¢Â€ÂœPokÃƒÂ©mon,-4.005947003097596,-1.5758402279292782,2.1736252420550155
Ryabikova,-3.9155190820864334,-1.501893621183348,1.2723024038013377
Ã¢Â€Âœbracatinga,0.21371514828956623,-4.0107306022443465,1.1343070489820308
I6aE01vDFm,-2.4570738630055717,-2.512603723601679,-1.282816796061428
Puerta,-3.9155190820864334,-1.501893621183348,1.2723024038013377
Next Day,-3.999423661339492,-0.4482623157546997,0.7787514854154816
Seaside Sojourns A/S Shipping,-3.207394469402977,-2.0755466705402505,-0.8051578124684836
Food,-3.284288298723089,1.4324858450825724,0.012469059474022985
Guaranteed Income Program New Parents 2035,-4.23997656279766,-1.4510376734253168,1.4991368796091455
Image ArtTower,-3.207394469402977,-2.0755466705402505,-0.8051578124684836
Nile Crocodile Deep-sea Oyj Brothers,-4.311777382142112,-1.3516630928003706,0.7112312792593718
VyoummBnVY,-4.311777382142112,-1.3516630928003706,0.7112312792593718
Blue Water Ventures Kga,-3.7236855161003186,-1.7632921719827837,0.34698953357033097
Bloomberg Law,-4.474006122497726,-1.3262351189213548,0.824648517163276
Ã¢Â€ÂœCinder,-3.9155190820864334,-1.501893621183348,1.2723024038013377
Kariba Dam  N.V. Brothers,-3.0446783208725208,-0.7741513463996702,1.787476496595509
Mitsubishi,7.242826159280239,-7.93245063800569,-0.8903342082317234
Tuna Vietnam,-4.23997656279766,-1.4510376734253168,1.4991368796091455
Estrella del Mar Plc,-3.7236855161003186,-1.7632921719827837,0.34698953357033097
Marine Foods,-3.008550153483916,0.1174559888544882,-0.4192928923711275
Agua TransiciÃƒÂ³n EcolÃƒÂ³gica,-3.207394469402977,-2.0755466705402505,-0.8051578124684836
Arunachal Pradesh Sp Marine mist,-1.9824914018473374,-1.6346309204350244,-1.3287138278092228
Chuan gou Corporation Transportation,-1.7067532566081642,-2.9496607766631078,-1.7604757796543726
Nautical Navigators Kga United,-2.809705837564856,2.3104586482492278,-0.033427972273771034
3 Ltd. Liability Co,-3.7236855161003186,-1.7632921719827837,0.34698953357033097
Lf Beauty,-3.9155190820864334,-1.501893621183348,1.2723024038013377
Playa de Coral Oyj International,-3.284288298723089,1.4324858450825724,0.012469059474022985
Metro Marinen,-4.077747822442047,-1.476465647304332,1.3857196417052413
Surf and Sea International Tidepool,-2.732812008244743,-1.1975738673735952,-0.8510548442162775
The Salty Dog CJSC,-0.757588334291697,-1.193715170329798,-1.8522698431499613
Paul S.A. de C.V.,-3.7588707598813227,0.5545130419159167,0.05836609122181701
Comei&Co,-2.9733649097029122,-2.2003492250442127,-0.13066945002261368
Rickard shrimp,-3.207394469402977,-2.0755466705402505,-0.8051578124684836
Hudsons Bay,-2.336553708189065,-1.3478043957565724,-0.28998371967431197
Group Co Marine life,-2.4570738630055717,-2.512603723601679,-1.282816796061428
STL,-4.233453221039556,-0.3234597612507377,0.10426312296961186
Odisha Sea Dry dock LLC Consultants,0.517008885085684,3.1650210842846733,3.2412047114824345
USINC,-1.7067532566081642,-2.9496607766631078,-1.7604757796543726
The Ashey,-2.7267441819193965,-1.9525852063322806,2.955515777427235
Green,-3.1230024819750755,-1.8023546779493032,2.3944446528852694
Dark Web Vendor Illegal Narcotics,-3.837194920983878,-0.4736902896337152,0.6653342475115773
Heroin Cocaine Exchange Bitcoin,-3.3626124598256437,0.4042825135329394,0.6194372157637829
Farmers,-3.5614567757447055,-1.788720145861799,0.23357229566642715
FiTIÃ¢Â€Â™s,-4.474006122497726,-1.3262351189213548,0.824648517163276
Jharkhand s GmbH & Co. KG,-3.957715075800383,-1.6384896174788222,-0.32749882887553905
Phillips,-2.060328154775049,-1.3360109539650613,1.9843058754484337
6 Ray LLC Enterprises,-2.966354159769966,0.2540519851499621,1.1805083403057495
Prod,-0.9564326502107584,-3.3867178297245357,-2.2381347632473174
PinduoduoÃ¢Â€Â™s,-2.809705837564856,2.3104586482492278,-0.033427972273771034
AuraÃ¢Â€Â™s,-3.1230024819750755,-1.8023546779493032,2.3944446528852694
McGovern BBB,-3.284288298723089,1.4324858450825724,0.012469059474022985
Rose,-3.207394469402977,-2.0755466705402505,-0.8051578124684836
drayage companies,-3.5614567757447055,-1.788720145861799,0.23357229566642715
Savaneta Corporation Marine life,-3.008550153483916,0.1174559888544882,-0.4192928923711275
Michael Limited Liability Company,-3.7236855161003186,-1.7632921719827837,0.34698953357033097
Irtysh - Inc Distribution,-3.207394469402977,-2.0755466705402505,-0.8051578124684836
East,-3.7236855161003186,-1.7632921719827837,0.34698953357033097
Fresh On Time Seafood,1.7691116301396945,-3.819916185742167,-3.717008745773946
MAT,-1.2316833872750876,-0.7448646754768571,0.8996787355657295
Faroe Islands Halibut A/S,-3.9155190820864334,-1.501893621183348,1.2723024038013377
Teion Internationala,-3.207394469402977,-2.0755466705402505,-0.8051578124684836
Single Seafood,-3.5614567757447055,-1.788720145861799,0.23357229566642715
Ã¢Â€ÂœUS,-2.4570738630055717,-2.512603723601679,-1.282816796061428
Welding,-2.336553708189065,-1.3478043957565724,-0.28998371967431197
Basketball,-3.0868743145864714,-0.9107473426951439,0.18767526391863276
Ocean Packers,-3.957715075800383,-1.6384896174788222,-0.32749882887553905
Improvised Anti,-2.732812008244743,-1.1975738673735952,-0.8510548442162775
Orange River  AS Logistics,-4.233453221039556,-0.3234597612507377,0.10426312296961186
Ste,-3.9155190820864334,-1.501893621183348,1.2723024038013377
French Ltd. Corporation Surfboard,-3.9155190820864334,-1.501893621183348,1.2723024038013377
Andhra Pradesh  Investment Dry dock,-3.207394469402977,-2.0755466705402505,-0.8051578124684836
Uber Connect,-1.9820039936724945,-0.3078076224154285,1.377337719158674
Pb Brasil Industries,-3.957715075800383,-1.6384896174788222,-0.32749882887553905
Deep Sea Atlantic NV,-2.8111361693472987,-2.2257771989232276,-0.2440866879265178
Supreme GmbH & Co. KG Consulting,-2.4570738630055717,-2.512603723601679,-1.282816796061428
gu y LC Shipping,-3.5614567757447055,-1.788720145861799,0.23357229566642715
Ningbo China Base Landhau Foreign,-3.008550153483916,0.1174559888544882,-0.4192928923711275
Estrella del Mar Pic,-1.9824914018473374,-1.6346309204350244,-1.3287138278092228
ArtemovÃ¢Â€Â™s Ava Petroleum,-3.9155190820864334,-1.501893621183348,1.2723024038013377
Spanish Red Snapper GmbH Shipping,-3.207394469402977,-2.0755466705402505,-0.8051578124684836
Officer Pleads Guilty,-2.4570738630055717,-2.512603723601679,-1.282816796061428
Bribes Exchange Smuggling Contraband,-3.207394469402977,-2.0755466705402505,-0.8051578124684836
Sp,1.304887990654138,8.155807213649858,0.7674350545756005
Memphis Women,-3.5614567757447055,-1.788720145861799,0.23357229566642715
One Hongn,-3.4409366209281993,-0.6239208180166934,1.226405372053543
Evergreen,-2.809705837564856,2.3104586482492278,-0.033427972273771034
Himachal Pradesh Aquatic Plc Brothers,-2.732812008244743,-1.1975738673735952,-0.8510548442162775
Lake Tanganyika Sea AS Shipping,6.108838420910607,-6.972596483345394,1.4379505158232322
Nagaland Sea Ltd. Liability Co &,4.763870713971215,-6.695722310162461,-4.232770923506191
Estrella de la Costa  Consultants,-2.0608155629498923,-2.662834251984657,-0.7217456715194623
Kores De Venezuela C A,-2.9733649097029122,-2.2003492250442127,-0.13066945002261368
CP World,-2.4570738630055717,-2.512603723601679,-1.282816796061428
Tombow,-2.060328154775049,-1.3360109539650613,1.9843058754484337
Gelita Gelatine,-3.9155190820864334,-1.501893621183348,1.2723024038013377
Yale,-3.957715075800383,-1.6384896174788222,-0.32749882887553905
Faroe Islands Plc Investment,-3.957715075800383,-1.6384896174788222,-0.32749882887553905
East Ltd. Corporation Investment,-3.4409366209281993,-0.6239208180166934,1.226405372053543
Logistics,-3.207394469402977,-2.0755466705402505,-0.8051578124684836
Dispenseroo,-3.7236855161003186,-1.7632921719827837,0.34698953357033097
80 Percent Arms,-2.4570738630055717,-2.512603723601679,-1.282816796061428
CM Nationali,-3.207394469402977,-2.0755466705402505,-0.8051578124684836
Anthony Sailboat Co Shipping,-3.5614567757447055,-1.788720145861799,0.23357229566642715
MV,-3.7236855161003186,-1.7632921719827837,0.34698953357033097
Costa de Coral Charter Boat Oyj Overseas,-2.4570738630055717,-2.512603723601679,-1.282816796061428
Warner,-3.207394469402977,-2.0755466705402505,-0.8051578124684836
Alpha Brokersa,-2.7745205937838517,-0.00734656564947334,0.2551954700747424
ViktorÃ¢Â€Â™s,-2.809705837564856,2.3104586482492278,-0.033427972273771034
Sea Seekers Merchants Cruise ship,-3.0567820807811286,0.18010537840403198,2.0818311785594275
NFTs,-3.9155190820864334,-1.501893621183348,1.2723024038013377
Cargo Systemsi,-3.7588707598813227,0.5545130419159167,0.05836609122181701
Ocano del Este Corp Freight ,-4.23997656279766,-1.4510376734253168,1.4991368796091455
Ronald,-4.311777382142112,-1.3516630928003706,0.7112312792593718
C Express,-3.5614567757447055,-1.788720145861799,0.23357229566642715
Znamensk Eel LLC United,0.41255946420862727,-1.8177279428496065,1.5201719690793871
Sisdof/Sinaflor,-2.3726818755776695,-2.239411731010732,1.9167856692923249
Spanish Shrimp Sp Brothers,3.9417492882293588,-6.159290676476085,-4.54301754026302
Tajima Industrues Ltd,-3.207394469402977,-2.0755466705402505,-0.8051578124684836
ZerzaÃ¢Â€Â™s,-1.591326111767319,1.623796486179875,0.8378897690250235
IndÃƒÂºstria Madeireira Uliana,-4.311777382142112,-1.3516630928003706,0.7112312792593718
Sms,-4.311777382142112,-1.3516630928003706,0.7112312792593718
Semas 260 Rural,-2.9733649097029122,-2.2003492250442127,-0.13066945002261368
Dolphin Dreams S.A. de C.V. Seafood,-3.837194920983878,-0.4736902896337152,0.6653342475115773
All,-4.23997656279766,-1.4510376734253168,1.4991368796091455
Cab Incorportated,-3.207394469402977,-2.0755466705402505,-0.8051578124684836
Sikkim S.A. de C.V.,-3.207394469402977,-2.0755466705402505,-0.8051578124684836
Yeezy,-2.336553708189065,-1.3478043957565724,-0.28998371967431197
Kagera River  Company Solutions,-3.008550153483916,0.1174559888544882,-0.4192928923711275
Marmooska Shipyard Sagl United,-2.8111361693472987,-2.2257771989232276,-0.2440866879265178
Leo,-3.9155190820864334,-1.501893621183348,1.2723024038013377
W&O Supply,-0.9981412357498659,-2.1964905280004148,-1.1318844489562974
Greek Sea Bream Limited Liability Company Transit,-3.7588707598813227,0.5545130419159167,0.05836609122181701
David S.A. de C.V. Brothers,-4.233453221039556,-0.3234597612507377,0.10426312296961186
Haryana s Ltd. Corporation Carriers,-3.7588707598813227,0.5545130419159167,0.05836609122181701
Coral Reef Sagl Transport,-3.9155190820864334,-1.501893621183348,1.2723024038013377
Felbab-Brown,-3.284288298723089,1.4324858450825724,0.012469059474022985
OzonActionÃ¢Â€Â™s,-4.233453221039556,-0.3234597612507377,0.10426312296961186
Ã¢Â€ÂœEntirely,-3.9155190820864334,-1.501893621183348,1.2723024038013377
Ocano del Este SE,-3.2556263967001895,-2.0128972809907064,1.6959662584620712
Norwegian Shrimp N.V. -,-3.284288298723089,1.4324858450825724,0.012469059474022985
Malabar Sea Catch Sp,-3.207394469402977,-2.0755466705402505,-0.8051578124684836
